Designator,Footprint,Quantity,Value,LCSC Part #
ARDUINO1,Arduino_Nano,1,Arduino_Nano_v3.x,
"C1, C4",0805,2,100n,C49678
C2,CP_Elec_6.3x5.9,1,22u,C267472
"C3, C6",0805,2,1u,C28323
C5,C_Elec_10x10.2,1,1000u,C401766
"D1, D2",D_SMA,2,SS26,C47071
J1,PinHeader_1x04_P2.54mm_Vertical,1,Conn_01x04_Pin,
L1,L_Coilcraft_MSS1514V-XXX,1,2.2m ( 690mA),C970554
"PANEL_IN1, VOUT2",691137710002,2,691137710002,
Q1,SOT-23,1,BC817,C6807710
Q2,SOT-23,1,NTR4171PT1G,C28646357
"R1, R2",0805,2,10,C2907296
R3,0805,1,1k,C17513
"R4, R5",0805,2,5.1k,C27834
R6,0805,1,100k,
RSHUNT1,2512,1,0.1,C1021528
RV1,Potentiometer_Bourns_PTA4543_Single_Slide,1,R_Potentiometer,
R_GATE1,0805,1,100,C17408
S1,SW_SPST_CK_RS282G05A3,1,BZCN TSB008A2526A,C2888456
U1,MSOP-10_3x3mm_P0.5mm,1,INA226,C49851
"VIN1, VIN2, VOUT1, VOUTLOW1",TestPoint_Keystone_5005-5009_Compact,4,TestPoint,C2906763
