Designator,Mid X,Mid Y,Layer,Rotation
ARDUINO1,67.59,15.89,top,90
C1,18.9925,47.5,top,0
C2,27,45,top,90
C3,26.5,53.25,top,180
C4,27,29,top,270
C5,69.25,47.75,top,90
C6,76.25,47.2875,top,270
D1,33.5,45.5,top,270
D2,75.5,58.5,top,180
J1,29.165,23.46,top,90
L1,49.5,47.585,top,0
PANEL_IN1,4,47.75,top,90
Q1,56.2,16,top,0
Q2,30.75,54.25,top,180
R1,17.66,51.31,top,270
R2,20.3,51.3,top,270
R3,26.5,55.25,top,180
R4,68.85,18,top,0
R5,68.85,15.75,top,0
R6,60,17,top,180
RSHUNT1,18.95,55.5,top,180
RV1,49.9,-10.8,top,0
R_GATE1,60,15,top,180
S1,7.5,6,top,90
U1,22.25,29.5,top,0
VIN1,5.5,62,top,0
VIN2,5.5,34,top,0
VOUT1,86.5,62,top,0
VOUT2,88.25,47.75,top,270
VOUTLOW1,86.5,34,top,0
