"Id";"Designator";"Footprint";"Quantity";"Designation";"Supplier and ref";
1;"RV1";"Potentiometer_Bourns_PTA4543_Single_Slide";1;"R_Potentiometer";;;
2;"Q2";"SOT-23";1;"NTR4171PT1G";;;
3;"Rshunt1";"R_2512_6332Metric_Pad1.40x3.35mm_HandSolder";1;"0.1";;;
4;"J1";"PinHeader_1x04_P2.54mm_Vertical";1;"Conn_01x04_Pin";;;
5;"R5,R4";"R_0805_2012Metric_Pad1.20x1.40mm_HandSolder";2;"5.1k";;;
6;"C2";"CP_Elec_6.3x5.9";1;"22u";;;
7;"S1";"SW_SPST_CK_RS282G05A3";1;"BZCN TSB008A2526A";;;
8;"C4,C1";"C_0805_2012Metric_Pad1.18x1.45mm_HandSolder";2;"100n";;;
9;"VOUT2,Panel_IN1";"691137710002";2;"691137710002";;;
10;"L1";"L_Coilcraft_MSS1514V-XXX";1;"2.2m ( 690mA)";;;
11;"VIN2,VOUTlow1,VIN1,VOUT1";"TestPoint_Keystone_5005-5009_Compact";4;"TestPoint";;;
12;"R_Gate1";"R_0805_2012Metric_Pad1.20x1.40mm_HandSolder";1;"100";;;
13;"R1,R2";"R_0805_2012Metric_Pad1.20x1.40mm_HandSolder";2;"10";;;
14;"D1,D2";"D_SMA";2;"SS26";;;
15;"Arduino1";"Arduino_Nano";1;"Arduino_Nano_v3.x";;;
16;"C3,C6";"C_0805_2012Metric_Pad1.18x1.45mm_HandSolder";2;"1u";;;
17;"Q1";"SOT-23";1;"BC817";;;
18;"R6";"LED_0805_2012Metric_Pad1.15x1.40mm_HandSolder";1;"100k";;;
19;"U1";"MSOP-10_3x3mm_P0.5mm";1;"INA226";;;
20;"R3";"R_0805_2012Metric_Pad1.20x1.40mm_HandSolder";1;"1k";;;
21;"C5";"C_Elec_10x10.2";1;"1000u";;;
