Designator,Mid X,Mid Y,Rotation,Layer
ARDUINO1,67.59,15.89,90.0,top
C1,18.9925,47.5,0.0,top
C2,27.0,45.0,90.0,top
C3,26.5,53.25,180.0,top
C4,27.0,29.0,270.0,top
C5,69.25,47.75,90.0,top
C6,76.25,47.2875,270.0,top
D1,33.5,45.5,270.0,top
D2,75.5,58.5,180.0,top
J1,29.165,23.46,90.0,top
L1,49.5,47.585,0.0,top
PANEL_IN1,4.0,47.75,90.0,top
Q1,56.2,16.0,0.0,top
Q2,30.75,54.25,180.0,top
R1,17.66,51.31,270.0,top
R2,20.3,51.3,270.0,top
R3,26.5,55.25,180.0,top
R4,68.85,18.0,0.0,top
R5,68.85,15.75,0.0,top
R6,60.0,17.0,180.0,top
RSHUNT1,18.95,55.5,180.0,top
RV1,49.9,-10.8,0.0,top
R_GATE1,60.0,15.0,180.0,top
S1,7.5,6.0,90.0,top
U1,22.25,29.5,0.0,top
VIN1,5.5,62.0,0.0,top
VIN2,5.5,34.0,0.0,top
VOUT1,86.5,62.0,0.0,top
VOUT2,88.25,47.75,270.0,top
VOUTLOW1,86.5,34.0,0.0,top
